regime,rmse,nrmse,conservation_rmse,max_error,boundary_rmse,fft_low,fft_mid,fft_high
2D_CFD_M0.1_Eta0.1_Zeta0.1_periodic_128_Train,0.012270568870007992,1.2493826150894165,0.007882198318839073,0.17445138096809387,0.011613153852522373,0.00390910729765892,0.0009706435957923532,0.00022527943656314164
2D_CFD_M1.0_Eta0.01_Zeta0.01_periodic_128_Train,0.3610130250453949,0.23926745355129242,0.05556277930736542,4.99437952041626,0.35629281401634216,0.11040204763412476,0.040194280445575714,0.007203662768006325
2D_CFD_M1.0_Eta1e-08_Zeta1e-08_periodic_512_Train,2.8717706203460693,0.8457775115966797,0.8641385436058044,33.069705963134766,2.7912771701812744,0.9138753414154053,0.2557755708694458,0.0255479384213686
